Fraction,Source File,Feature,Peptide,Scan,Tag length,Denovo score,ALC (%), Length,m/z,z,RT,Predict RT,Mass,ppm,local confidence (%),tag (>=0%),mode
2,DS_M1_120612_F2.raw,F2:31941,TSYNPSLSLK,F2:6741,10,88,88,10,555.2964,2,49.11,-,1108.5764,1.6,53 60 98 97 97 97 97 97 98 94,TSYNPSLSLK,HCD
2,DS_M1_120612_F2.raw,F2:31941,STYNPSLSLK,F2:6741,10,88,88,10,555.2964,2,49.11,-,1108.5764,1.6,47 60 98 98 97 97 97 97 97 94,STYNPSLSLK,HCD
2,DS_M1_120612_F2.raw,F2:31941,TSYGGPSLSLK,F2:6741,11,79,79,11,555.2964,2,49.11,-,1108.5764,1.6,44 54 95 59 59 95 95 95 94 96 92,TSYGGPSLSLK,HCD
2,DS_M1_120612_F2.raw,F2:31941,TSYNPTVSLK,F2:6741,10,67,67,10,555.2964,2,49.11,-,1108.5764,1.6,46 53 95 93 80 18 18 82 94 93,TSYNPTVSLK,HCD
2,DS_M1_120612_F2.raw,F2:31941,TSYNPVTSLK,F2:6741,10,67,67,10,555.2964,2,49.11,-,1108.5764,1.6,45 53 95 92 80 18 18 82 94 93,TSYNPVTSLK,HCD
2,DS_M1_120612_F2.raw,F2:31941,TYSNPSLSLK,F2:6741,10,72,72,10,555.2964,2,49.11,-,1108.5764,1.6,53 0 0 97 97 97 97 97 98 94,TYSNPSLSLK,HCD
2,DS_M1_120612_F2.raw,F2:31941,TSYNPSLSKL,F2:6741,10,69,69,10,555.2964,2,49.11,-,1108.5764,1.6,53 60 98 97 97 97 97 97 0 0,TSYNPSLSKL,HCD
2,DS_M1_120612_F2.raw,F2:31941,TSYNSPLSLK,F2:6741,10,69,69,10,555.2964,2,49.11,-,1108.5764,1.6,53 60 98 97 0 0 97 97 98 94,TSYNSPLSLK,HCD
2,DS_M1_120612_F2.raw,F2:31941,TSYNPLSSLK,F2:6741,10,69,69,10,555.2964,2,49.11,-,1108.5764,1.6,53 60 98 97 97 0 0 97 98 94,TSYNPLSSLK,HCD
2,DS_M1_120612_F2.raw,F2:31941,YTSNPSLSLK,F2:6741,10,67,67,10,555.2964,2,49.11,-,1108.5764,1.6,0 0 0 97 97 97 97 97 98 94,YTSNPSLSLK,HCD
10,DS_M2_120628_F3.raw,F10:27112,STYNPSLSLK,F10:6504,10,86,86,10,555.2958,2,49.72,-,1108.5764,0.5,49 59 97 96 95 96 97 90 92 95,STYNPSLSLK,HCD
10,DS_M2_120628_F3.raw,F10:27112,TSYNPSLSLK,F10:6504,10,85,85,10,555.2958,2,49.72,-,1108.5764,0.5,47 54 96 95 95 96 97 90 93 95,TSYNPSLSLK,HCD
10,DS_M2_120628_F3.raw,F10:27112,STYGGPSLSLK,F10:6504,11,76,76,11,555.2958,2,49.72,-,1108.5764,0.5,40 52 93 54 53 93 94 94 85 89 92,STYGGPSLSLK,HCD
10,DS_M2_120628_F3.raw,F10:27112,STYNPSLTVK,F10:6504,10,64,64,10,555.2958,2,49.72,-,1108.5764,0.5,41 52 96 94 93 91 84 11 11 74,STYNPSLTVK,HCD
10,DS_M2_120628_F3.raw,F10:27112,STYNSPLSLK,F10:6504,10,58,58,10,555.2958,2,49.72,-,1108.5764,0.5,36 46 90 68 9 7 70 76 87 91,STYNSPLSLK,HCD
10,DS_M2_120628_F3.raw,F10:27112,STYNPSLLSK,F10:6504,10,68,68,10,555.2958,2,49.72,-,1108.5764,0.5,49 59 97 96 95 96 97 0 0 95,STYNPSLLSK,HCD
10,DS_M2_120628_F3.raw,F10:27112,STYNPSLVTK,F10:6504,10,68,68,10,555.2958,2,49.72,-,1108.5764,0.5,49 59 97 96 95 96 97 0 0 95,STYNPSLVTK,HCD
10,DS_M2_120628_F3.raw,F10:27112,STYNPSLSKL,F10:6504,10,67,67,10,555.2958,2,49.72,-,1108.5764,0.5,49 59 97 96 95 96 97 90 0 0,STYNPSLSKL,HCD
10,DS_M2_120628_F3.raw,F10:27112,STYNPTVSLK,F10:6504,10,67,67,10,555.2958,2,49.72,-,1108.5764,0.5,49 59 97 96 95 0 0 90 92 95,STYNPTVSLK,HCD
10,DS_M2_120628_F3.raw,F10:27112,STYNPVTSLK,F10:6504,10,67,67,10,555.2958,2,49.72,-,1108.5764,0.5,49 59 97 96 95 0 0 90 92 95,STYNPVTSLK,HCD
12,DS_M2_120628_F5.raw,F12:45448,KTVDQLVAAK,F12:4318,10,98,98,10,536.8243,2,32.25,-,1071.6287,5,98 99 99 98 96 99 100 100 100 100,KTVDQLVAAK,HCD
12,DS_M2_120628_F5.raw,F12:45448,KTVDGALVAAK,F12:4318,11,97,97,11,536.8243,2,32.25,-,1071.6287,5,99 98 99 98 89 89 99 100 100 100 100,KTVDGALVAAK,HCD
12,DS_M2_120628_F5.raw,F12:45448,KTVDAGLVAAK,F12:4318,11,87,87,11,536.8243,2,32.25,-,1071.6287,5,98 98 98 95 34 40 99 99 100 100 100,KTVDAGLVAAK,HCD
12,DS_M2_120628_F5.raw,F12:45448,KTVQDLVAAK,F12:4318,10,82,82,10,536.8243,2,32.25,-,1071.6287,5,98 95 93 19 27 96 99 99 100 100,KTVQDLVAAK,HCD
12,DS_M2_120628_F5.raw,F12:45448,KTVGDALVAAK,F12:4318,11,80,80,11,536.8243,2,32.25,-,1071.6287,5,98 97 95 18 20 56 99 100 100 100 100,KTVGDALVAAK,HCD
12,DS_M2_120628_F5.raw,F12:45448,KTVENLVAAK,F12:4318,10,79,79,10,536.8243,2,32.25,-,1071.6287,5,98 99 99 0 0 99 100 100 100 100,KTVENLVAAK,HCD
12,DS_M2_120628_F5.raw,F12:45448,KTVNELVAAK,F12:4318,10,79,79,10,536.8243,2,32.25,-,1071.6287,5,98 99 99 0 0 99 100 100 100 100,KTVNELVAAK,HCD
12,DS_M2_120628_F5.raw,F12:45448,KTVADGLVAAK,F12:4318,11,75,75,11,536.8243,2,32.25,-,1071.6287,5,98 99 99 0 0 40 99 100 100 100 100,KTVADGLVAAK,HCD
12,DS_M2_120628_F5.raw,F12:45448,KTVEGGLVAAK,F12:4318,11,75,75,11,536.8243,2,32.25,-,1071.6287,5,98 99 99 0 0 40 99 100 100 100 100,KTVEGGLVAAK,HCD
12,DS_M2_120628_F5.raw,F12:45448,KTVAGDLVAAK,F12:4318,11,74,74,11,536.8243,2,32.25,-,1071.6287,5,98 99 99 0 0 27 99 100 100 100 100,KTVAGDLVAAK,HCD
19,DS_M3_120629_F5.raw,F19:44139,KTVDQLVAAK,F19:4105,10,98,98,10,536.8262,2,33.08,-,1071.6287,8.5,98 99 99 98 95 99 99 100 100 99,KTVDQLVAAK,HCD
19,DS_M3_120629_F5.raw,F19:44139,KTVDGALVAAK,F19:4105,11,97,97,11,536.8262,2,33.08,-,1071.6287,8.5,99 98 99 99 90 94 99 100 100 100 99,KTVDGALVAAK,HCD
19,DS_M3_120629_F5.raw,F19:44139,KTVDAGLVAAK,F19:4105,11,86,86,11,536.8262,2,33.08,-,1071.6287,8.5,98 98 98 95 32 34 97 99 99 99 99,KTVDAGLVAAK,HCD
19,DS_M3_120629_F5.raw,F19:44139,KTVGDALVAAK,F19:4105,11,81,81,11,536.8262,2,33.08,-,1071.6287,8.5,98 97 96 18 19 70 98 99 99 99 99,KTVGDALVAAK,HCD
19,DS_M3_120629_F5.raw,F19:44139,KTVQDLVAAK,F19:4105,10,80,80,10,536.8262,2,33.08,-,1071.6287,8.5,98 95 92 14 18 91 99 99 99 99,KTVQDLVAAK,HCD
19,DS_M3_120629_F5.raw,F19:44139,KTVDGALVAKA,F19:4105,11,79,79,11,536.8262,2,33.08,-,1071.6287,8.5,98 99 99 98 90 94 99 99 100 0 0,KTVDGALVAKA,HCD
19,DS_M3_120629_F5.raw,F19:44139,KTVENLVAAK,F19:4105,10,79,79,10,536.8262,2,33.08,-,1071.6287,8.5,98 99 99 0 0 99 99 100 100 99,KTVENLVAAK,HCD
19,DS_M3_120629_F5.raw,F19:44139,KTVNELVAAK,F19:4105,10,79,79,10,536.8262,2,33.08,-,1071.6287,8.5,98 99 99 0 0 99 99 100 100 99,KTVNELVAAK,HCD
19,DS_M3_120629_F5.raw,F19:44139,KTVADGLVAAK,F19:4105,11,75,75,11,536.8262,2,33.08,-,1071.6287,8.5,98 99 99 0 0 34 99 99 100 100 99,KTVADGLVAAK,HCD
19,DS_M3_120629_F5.raw,F19:44139,KTVAGDLVAAK,F19:4105,11,73,73,11,536.8262,2,33.08,-,1071.6287,8.5,98 99 99 0 0 18 99 99 100 100 99,KTVAGDLVAAK,HCD
26,DS_M4_120630_F5.raw,F26:50441,ALYHVNREK,F26:2823,9,94,94,9,565.3113,2,23.69,-,1128.604,3.5,90 92 99 99 99 91 90 93 95,ALYHVNREK,HCD
26,DS_M4_120630_F5.raw,F26:50441,LAYHVNREK,F26:2823,9,89,89,9,565.3113,2,23.69,-,1128.604,3.5,69 75 99 99 99 91 89 93 95,LAYHVNREK,HCD
26,DS_M4_120630_F5.raw,F26:50441,ALYHVGGREK,F26:2823,10,84,84,10,565.3113,2,23.69,-,1128.604,3.5,88 91 99 99 99 59 41 83 92 94,ALYHVGGREK,HCD
26,DS_M4_120630_F5.raw,F26:50441,ALYHVRNEK,F26:2823,9,70,70,9,565.3113,2,23.69,-,1128.604,3.5,85 89 99 98 95 16 11 63 78,ALYHVRNEK,HCD
26,DS_M4_120630_F5.raw,F26:50441,ALYHVNRTGV,F26:2823,10,69,69,10,565.3113,2,23.69,-,1128.604,3.5,86 89 99 99 98 87 79 16 9 30,ALYHVNRTGV,HCD
26,DS_M4_120630_F5.raw,F26:50441,ALYHVNERK,F26:2823,9,74,74,9,565.3113,2,23.69,-,1128.604,3.5,90 92 99 99 99 91 0 0 95,ALYHVNERK,HCD
26,DS_M4_120630_F5.raw,F26:50441,ALYHVNRKE,F26:2823,9,73,73,9,565.3113,2,23.69,-,1128.604,3.5,90 92 99 99 99 91 90 0 0,ALYHVNRKE,HCD
26,DS_M4_120630_F5.raw,F26:50441,ALYHVGRGEK,F26:2823,10,72,72,10,565.3113,2,23.69,-,1128.604,3.5,90 92 99 99 99 59 0 0 93 95,ALYHVGRGEK,HCD
26,DS_M4_120630_F5.raw,F26:50441,ALYHVRGGEK,F26:2823,10,68,68,10,565.3113,2,23.69,-,1128.604,3.5,90 92 99 99 99 16 0 0 93 95,ALYHVRGGEK,HCD
26,DS_M4_120630_F5.raw,F26:50441,ALYHVNKER,F26:2823,9,63,63,9,565.3113,2,23.69,-,1128.604,3.5,90 92 99 99 99 91 0 0 0,ALYHVNKER,HCD
24,DS_M4_120630_F3.raw,F24:23543,SVKGRFAL,F24:6578,8,78,78,8,439.267,2,52.61,-,876.5181,1.4,76 87 95 82 45 55 92 96,SVKGRFAL,HCD
24,DS_M4_120630_F3.raw,F24:23543,VSKGRFAL,F24:6578,8,66,66,8,439.267,2,52.61,-,876.5181,1.4,40 49 93 78 39 50 90 95,VSKGRFAL,HCD
24,DS_M4_120630_F3.raw,F24:23543,SVKGFRAL,F24:6578,8,66,66,8,439.267,2,52.61,-,876.5181,1.4,76 86 94 65 19 21 80 91,SVKGFRAL,HCD
24,DS_M4_120630_F3.raw,F24:23543,SVKRGFAL,F24:6578,8,64,64,8,439.267,2,52.61,-,876.5181,1.4,74 84 91 26 19 39 91 95,SVKRGFAL,HCD
24,DS_M4_120630_F3.raw,F24:23543,SVKFGRAL,F24:6578,8,59,59,8,439.267,2,52.61,-,876.5181,1.4,75 84 91 20 10 18 85 94,SVKFGRAL,HCD
24,DS_M4_120630_F3.raw,F24:23543,SVKGRAFL,F24:6578,8,60,60,8,439.267,2,52.61,-,876.5181,1.4,76 87 95 82 45 0 0 96,SVKGRAFL,HCD
24,DS_M4_120630_F3.raw,F24:23543,SVKRFGAL,F24:6578,8,59,59,8,439.267,2,52.61,-,876.5181,1.4,76 87 95 26 0 0 92 96,SVKRFGAL,HCD
24,DS_M4_120630_F3.raw,F24:23543,SVKFRGAL,F24:6578,8,58,58,8,439.267,2,52.61,-,876.5181,1.4,76 87 95 20 0 0 92 96,SVKFRGAL,HCD
24,DS_M4_120630_F3.raw,F24:23543,SVGKRFAL,F24:6578,8,56,56,8,439.267,2,52.61,-,876.5181,1.4,76 87 0 0 45 55 92 96,SVGKRFAL,HCD
24,DS_M4_120630_F3.raw,F24:23543,SVRGKFAL,F24:6578,8,50,50,8,439.267,2,52.61,-,876.5181,1.4,76 87 0 0 0 55 92 96,SVRGKFAL,HCD
24,DS_M4_120630_F3.raw,F24:23543,SVKGRFAL,F24:6666,8,87,87,8,439.267,2,52.61,-,876.5181,1.4,93 95 97 91 63 71 95 98,SVKGRFAL,HCD
24,DS_M4_120630_F3.raw,F24:23543,SVKRGFAL,F24:6666,8,73,73,8,439.267,2,52.61,-,876.5181,1.4,92 93 94 33 27 54 94 98,SVKRGFAL,HCD
24,DS_M4_120630_F3.raw,F24:23543,VSKGRFAL,F24:6666,8,71,71,8,439.267,2,52.61,-,876.5181,1.4,39 50 94 86 53 62 93 97,VSKGRFAL,HCD
24,DS_M4_120630_F3.raw,F24:23543,SVKGFRAL,F24:6666,8,70,70,8,439.267,2,52.61,-,876.5181,1.4,93 95 96 74 18 18 78 94,SVKGFRAL,HCD
24,DS_M4_120630_F3.raw,F24:23543,SVKGRAFL,F24:6666,8,69,69,8,439.267,2,52.61,-,876.5181,1.4,92 94 97 89 39 24 27 93,SVKGRAFL,HCD
24,DS_M4_120630_F3.raw,F24:23543,SVGKRFAL,F24:6666,8,64,64,8,439.267,2,52.61,-,876.5181,1.4,93 95 0 0 63 71 95 98,SVGKRFAL,HCD
24,DS_M4_120630_F3.raw,F24:23543,SVKFGRAL,F24:6666,8,62,62,8,439.267,2,52.61,-,876.5181,1.4,93 95 97 0 0 18 95 98,SVKFGRAL,HCD
24,DS_M4_120630_F3.raw,F24:23543,SVRKGFAL,F24:6666,8,59,59,8,439.267,2,52.61,-,876.5181,1.4,93 95 0 0 27 71 95 98,SVRKGFAL,HCD
24,DS_M4_120630_F3.raw,F24:23543,SVKFRGAL,F24:6666,8,59,59,8,439.267,2,52.61,-,876.5181,1.4,93 95 97 0 0 0 95 98,SVKFRGAL,HCD
24,DS_M4_120630_F3.raw,F24:23543,SVRGKFAL,F24:6666,8,56,56,8,439.267,2,52.61,-,876.5181,1.4,93 95 0 0 0 71 95 98,SVRGKFAL,HCD
11,DS_M2_120628_F4.raw,F11:18047,EGVLGTRW,F11:8521,8,76,76,8,459.2451,2,59.51,-,916.4766,-1,52 43 97 98 92 82 77 68,EGVLGTRW,HCD
11,DS_M2_120628_F4.raw,F11:18047,GEVLGTRW,F11:8521,8,73,73,8,459.2451,2,59.51,-,916.4766,-1,29 55 97 98 91 79 74 64,GEVLGTRW,HCD
11,DS_M2_120628_F4.raw,F11:18047,DAVLGTRW,F11:8521,8,72,72,8,459.2451,2,59.51,-,916.4766,-1,37 36 96 98 92 81 76 66,DAVLGTRW,HCD
11,DS_M2_120628_F4.raw,F11:18047,ADVLGTRW,F11:8521,8,71,71,8,459.2451,2,59.51,-,916.4766,-1,27 46 96 98 91 79 74 65,ADVLGTRW,HCD
11,DS_M2_120628_F4.raw,F11:18047,EGVLWGTR,F11:8521,8,68,68,8,459.2451,2,59.51,-,916.4766,-1,54 43 95 93 83 62 56 64,EGVLWGTR,HCD
11,DS_M2_120628_F4.raw,F11:18047,EGVLGTWR,F11:8521,8,65,65,8,459.2451,2,59.51,-,916.4766,-1,52 43 97 98 92 82 0 64,EGVLGTWR,HCD
11,DS_M2_120628_F4.raw,F11:18047,EGVLGWTR,F11:8521,8,62,62,8,459.2451,2,59.51,-,916.4766,-1,52 43 97 98 92 0 56 64,EGVLGWTR,HCD
11,DS_M2_120628_F4.raw,F11:18047,EGVLGRTW,F11:8521,8,56,56,8,459.2451,2,59.51,-,916.4766,-1,52 43 97 98 92 0 0 68,EGVLGRTW,HCD
11,DS_M2_120628_F4.raw,F11:18047,EGVLSARW,F11:8521,8,54,54,8,459.2451,2,59.51,-,916.4766,-1,52 43 97 98 0 0 77 68,EGVLSARW,HCD
11,DS_M2_120628_F4.raw,F11:18047,EGVLTGRW,F11:8521,8,54,54,8,459.2451,2,59.51,-,916.4766,-1,52 43 97 98 0 0 77 68,EGVLTGRW,HCD
12,DS_M2_120628_F5.raw,F12:55269,KLLEPVLLLGK,F12:10824,11,97,97,11,611.9105,2,82.21,-,1221.8059,0.5,95 98 99 99 95 92 100 100 99 97 98,KLLEPVLLLGK,HCD
12,DS_M2_120628_F5.raw,F12:55269,KLELPVLLLGK,F12:10824,11,89,89,11,611.9105,2,82.21,-,1221.8059,0.5,95 92 66 59 90 91 99 100 98 96 97,KLELPVLLLGK,HCD
12,DS_M2_120628_F5.raw,F12:55269,KLLEVPLLLGK,F12:10824,11,87,87,11,611.9105,2,82.21,-,1221.8059,0.5,94 97 99 98 47 38 98 99 98 95 97,KLLEVPLLLGK,HCD
12,DS_M2_120628_F5.raw,F12:55269,LKLEPVLLLGK,F12:10824,11,84,84,11,611.9105,2,82.21,-,1221.8059,0.5,11 52 97 99 93 90 99 100 98 96 97,LKLEPVLLLGK,HCD
12,DS_M2_120628_F5.raw,F12:55269,KLLEPVLLLKG,F12:10824,11,83,83,11,611.9105,2,82.21,-,1221.8059,0.5,94 97 99 99 93 89 99 100 92 22 36,KLLEPVLLLKG,HCD
12,DS_M2_120628_F5.raw,F12:55269,KLLEPLVLLGK,F12:10824,11,79,79,11,611.9105,2,82.21,-,1221.8059,0.5,95 98 99 99 95 0 0 100 99 97 98,KLLEPLVLLGK,HCD
12,DS_M2_120628_F5.raw,F12:55269,KLLEPVLLAVK,F12:10824,11,79,79,11,611.9105,2,82.21,-,1221.8059,0.5,95 98 99 99 95 92 100 100 0 0 98,KLLEPVLLAVK,HCD
12,DS_M2_120628_F5.raw,F12:55269,KLLEPVLLGLK,F12:10824,11,79,79,11,611.9105,2,82.21,-,1221.8059,0.5,95 98 99 99 95 92 100 100 0 0 98,KLLEPVLLGLK,HCD
12,DS_M2_120628_F5.raw,F12:55269,KLLEPVLLVAK,F12:10824,11,79,79,11,611.9105,2,82.21,-,1221.8059,0.5,95 98 99 99 95 92 100 100 0 0 98,KLLEPVLLVAK,HCD
12,DS_M2_120628_F5.raw,F12:55269,KLLELPVLLGK,F12:10824,11,71,71,11,611.9105,2,82.21,-,1221.8059,0.5,95 98 99 99 0 0 0 100 99 97 98,KLLELPVLLGK,HCD
12,DS_M2_120628_F5.raw,F12:55269,KLLEPVLLLGK,F12:10934,11,99,99,11,611.9105,2,82.21,-,1221.8059,0.5,97 99 100 100 99 99 100 100 99 98 98,KLLEPVLLLGK,HCD
12,DS_M2_120628_F5.raw,F12:55269,KLELPVLLLGK,F12:10934,11,91,91,11,611.9105,2,82.21,-,1221.8059,0.5,97 95 68 59 96 98 100 100 99 98 98,KLELPVLLLGK,HCD
12,DS_M2_120628_F5.raw,F12:55269,LKLEPVLLLGK,F12:10934,11,87,87,11,611.9105,2,82.21,-,1221.8059,0.5,12 63 99 100 98 99 100 100 99 98 98,LKLEPVLLLGK,HCD
12,DS_M2_120628_F5.raw,F12:55269,KLLEVPLLLGK,F12:10934,11,86,86,11,611.9105,2,82.21,-,1221.8059,0.5,95 98 99 98 40 33 99 100 99 97 97,KLLEVPLLLGK,HCD
12,DS_M2_120628_F5.raw,F12:55269,KLLEPVLLLKG,F12:10934,11,86,86,11,611.9105,2,82.21,-,1221.8059,0.5,96 99 100 100 98 99 100 100 95 24 39,KLLEPVLLLKG,HCD
12,DS_M2_120628_F5.raw,F12:55269,KLLEPVLLAVK,F12:10934,11,81,81,11,611.9105,2,82.21,-,1221.8059,0.5,97 99 100 100 99 99 100 100 0 0 98,KLLEPVLLAVK,HCD
12,DS_M2_120628_F5.raw,F12:55269,KLLEPVLLGLK,F12:10934,11,81,81,11,611.9105,2,82.21,-,1221.8059,0.5,97 99 100 100 99 99 100 100 0 0 98,KLLEPVLLGLK,HCD
12,DS_M2_120628_F5.raw,F12:55269,KLLEPVLLVAK,F12:10934,11,81,81,11,611.9105,2,82.21,-,1221.8059,0.5,97 99 100 100 99 99 100 100 0 0 98,KLLEPVLLVAK,HCD
12,DS_M2_120628_F5.raw,F12:55269,KLLEPLVLLGK,F12:10934,11,80,80,11,611.9105,2,82.21,-,1221.8059,0.5,97 99 100 100 99 0 0 100 99 98 98,KLLEPLVLLGK,HCD
12,DS_M2_120628_F5.raw,F12:55269,KLLEPVLLGKL,F12:10934,11,72,72,11,611.9105,2,82.21,-,1221.8059,0.5,97 99 100 100 99 99 100 100 0 0 0,KLLEPVLLGKL,HCD